strategy,timeframe,lockedStopLoss,tierLabel,tier1Target,tier2Target,tier3Target,confidence,netPnl,trades,winRate,maxDrawdown,profitFactor,expectancy,avgWin,avgLoss,fees,elapsed
MADynamicSR,,0.8,tight,0.005,0.01,0.015,0.7,-1082.04,582,49.66,10.92,0.27,-1.86,1.36,-5.03,873.00,1270.2
MADynamicSR,,0.8,default,0.007,0.01,0.015,0.7,-1082.04,582,49.66,10.92,0.27,-1.86,1.36,-5.03,873.00,1327.3
MADynamicSR,,0.8,wide,0.01,0.015,0.02,0.7,-1082.04,582,49.66,10.92,0.27,-1.86,1.36,-5.03,873.00,1318.6
MADynamicSR,,0.8,tight,0.005,0.01,0.015,0.7,-1210.14,694,28.24,12.11,0.15,-1.74,1.08,-2.86,1041.00,1333.6
MADynamicSR,,0.8,default,0.007,0.01,0.015,0.7,-1210.14,694,28.24,12.11,0.15,-1.74,1.08,-2.86,1041.00,1338.4
MADynamicSR,,0.8,wide,0.01,0.015,0.02,0.7,-1210.14,694,28.24,12.11,0.15,-1.74,1.08,-2.86,1041.00,1378.8
MADynamicSR,,0.8,tight,0.005,0.01,0.015,0.7,-1236.75,646,28.79,12.38,0.18,-1.91,1.44,-3.27,969.00,1313.1
MADynamicSR,,0.8,default,0.007,0.01,0.015,0.7,-1236.75,646,28.79,12.38,0.18,-1.91,1.44,-3.27,969.00,1334.9
MADynamicSR,,0.8,wide,0.01,0.015,0.02,0.7,-1236.75,646,28.79,12.38,0.18,-1.91,1.44,-3.27,969.00,1328.4
EMASMACrossover,,0.5,tight,0.005,0.01,0.015,0.7,-1989.71,913,52.35,19.90,0.24,-2.18,1.29,-5.99,1369.50,1358.0
EMASMACrossover,,0.5,default,0.007,0.01,0.015,0.7,-1989.71,913,52.35,19.90,0.24,-2.18,1.29,-5.99,1369.50,1402.2
EMASMACrossover,,0.5,wide,0.01,0.015,0.02,0.7,-1989.71,913,52.35,19.90,0.24,-2.18,1.29,-5.99,1369.50,1358.3
EMASMACrossover,,0.5,tight,0.005,0.01,0.015,0.7,-2079.27,1057,32.17,20.80,0.22,-1.97,1.70,-3.70,1585.50,1393.7
EMASMACrossover,,0.5,default,0.007,0.01,0.015,0.7,-2079.27,1057,32.17,20.80,0.22,-1.97,1.70,-3.70,1585.50,1404.9
EMASMACrossover,,0.5,wide,0.01,0.015,0.02,0.7,-2079.27,1057,32.17,20.80,0.22,-1.97,1.70,-3.70,1585.50,1395.4
EMASMACrossover,,0.5,tight,0.005,0.01,0.015,0.7,-2309.33,1154,27.90,23.09,0.12,-2.00,1.00,-3.16,1731.00,1410.5
EMASMACrossover,,0.5,default,0.007,0.01,0.015,0.7,-2309.33,1154,27.90,23.09,0.12,-2.00,1.00,-3.16,1731.00,1424.9
EMASMACrossover,,0.5,wide,0.01,0.015,0.02,0.7,-2309.33,1154,27.90,23.09,0.12,-2.00,1.00,-3.16,1731.00,1472.8
MADynamicSR,,0.8,tight,0.005,0.01,0.015,0.55,-2582.79,1562,15.94,25.83,0.12,-1.65,1.45,-2.24,2343.00,1483.0
MADynamicSR,,0.8,default,0.007,0.01,0.015,0.55,-2582.79,1562,15.94,25.83,0.12,-1.65,1.45,-2.24,2343.00,1551.7
MADynamicSR,,0.8,wide,0.01,0.015,0.02,0.55,-2582.79,1562,15.94,25.83,0.12,-1.65,1.45,-2.24,2343.00,1492.0
MADynamicSR,,0.8,tight,0.005,0.01,0.015,0.55,-2931.14,1797,10.57,29.31,0.10,-1.63,1.62,-2.02,2695.50,1512.4
MADynamicSR,,0.8,default,0.007,0.01,0.015,0.55,-2931.14,1797,10.57,29.31,0.10,-1.63,1.62,-2.02,2695.50,1528.3
MADynamicSR,,0.8,wide,0.01,0.015,0.02,0.55,-2931.14,1797,10.57,29.31,0.10,-1.63,1.62,-2.02,2695.50,1527.7
MADynamicSR,,0.8,tight,0.005,0.01,0.015,0.55,-3135.64,1948,7.60,31.36,0.07,-1.61,1.67,-1.88,2922.00,1582.2
MADynamicSR,,0.8,default,0.007,0.01,0.015,0.55,-3135.64,1948,7.60,31.36,0.07,-1.61,1.67,-1.88,2922.00,1543.8
MADynamicSR,,0.8,wide,0.01,0.015,0.02,0.55,-3135.64,1948,7.60,31.36,0.07,-1.61,1.67,-1.88,2922.00,1602.8
EMASMACrossover,,0.5,tight,0.005,0.01,0.015,0.55,-3184.11,1714,25.03,31.84,0.14,-1.86,1.21,-2.88,2571.00,1494.0
EMASMACrossover,,0.5,default,0.007,0.01,0.015,0.55,-3184.11,1714,25.03,31.84,0.14,-1.86,1.21,-2.88,2571.00,1560.5
EMASMACrossover,,0.5,wide,0.01,0.015,0.02,0.55,-3184.11,1714,25.03,31.84,0.14,-1.86,1.21,-2.88,2571.00,1505.3
EMASMACrossover,,0.5,tight,0.005,0.01,0.015,0.55,-3624.09,2057,15.26,36.24,0.13,-1.76,1.65,-2.38,3085.50,1576.5
EMASMACrossover,,0.5,default,0.007,0.01,0.015,0.55,-3624.09,2057,15.26,36.24,0.13,-1.76,1.65,-2.38,3085.50,1573.6
EMASMACrossover,,0.5,wide,0.01,0.015,0.02,0.55,-3624.09,2057,15.26,36.24,0.13,-1.76,1.65,-2.38,3085.50,1593.0
EMASMACrossover,,0.5,tight,0.005,0.01,0.015,0.4,-3641.01,2193,15.37,36.41,0.11,-1.66,1.36,-2.21,3289.50,1607.5
EMASMACrossover,,0.5,default,0.007,0.01,0.015,0.4,-3641.01,2193,15.37,36.41,0.11,-1.66,1.36,-2.21,3289.50,1655.7
EMASMACrossover,,0.5,wide,0.01,0.015,0.02,0.4,-3641.01,2193,15.37,36.41,0.11,-1.66,1.36,-2.21,3289.50,1610.0
MADynamicSR,,0.8,tight,0.005,0.01,0.015,0.4,-3676.21,2269,9.26,36.76,0.08,-1.62,1.54,-1.94,3403.50,1631.2
MADynamicSR,,0.8,default,0.007,0.01,0.015,0.4,-3676.21,2269,9.26,36.76,0.08,-1.62,1.54,-1.94,3403.50,1626.3
MADynamicSR,,0.8,wide,0.01,0.015,0.02,0.4,-3676.21,2269,9.26,36.76,0.08,-1.62,1.54,-1.94,3403.50,1673.4
EMASMACrossover,,0.5,tight,0.005,0.01,0.015,0.55,-4031.36,2285,10.77,40.31,0.08,-1.76,1.36,-2.14,3427.50,1618.9
EMASMACrossover,,0.5,default,0.007,0.01,0.015,0.55,-4031.36,2285,10.77,40.31,0.08,-1.76,1.36,-2.14,3427.50,1629.5
EMASMACrossover,,0.5,wide,0.01,0.015,0.02,0.55,-4031.36,2285,10.77,40.31,0.08,-1.76,1.36,-2.14,3427.50,1702.5
EMASMACrossover,,0.5,tight,0.005,0.01,0.015,0.4,-4405.20,2669,9.10,44.05,0.08,-1.65,1.57,-1.97,4003.50,1724.3
EMASMACrossover,,0.5,default,0.007,0.01,0.015,0.4,-4405.20,2669,9.10,44.05,0.08,-1.65,1.57,-1.97,4003.50,1662.3
EMASMACrossover,,0.5,wide,0.01,0.015,0.02,0.4,-4405.20,2669,9.10,44.05,0.08,-1.65,1.57,-1.97,4003.50,1698.0
MADynamicSR,,0.8,tight,0.005,0.01,0.015,0.4,-4428.31,2712,5.68,44.28,0.05,-1.63,1.62,-1.83,4068.00,1755.0
MADynamicSR,,0.8,default,0.007,0.01,0.015,0.4,-4428.31,2712,5.68,44.28,0.05,-1.63,1.62,-1.83,4068.00,1691.0
MADynamicSR,,0.8,wide,0.01,0.015,0.02,0.4,-4428.31,2712,5.68,44.28,0.05,-1.63,1.62,-1.83,4068.00,1712.2
MADynamicSR,,0.8,tight,0.005,0.01,0.015,0.4,-4817.20,2969,3.84,48.17,0.04,-1.62,1.83,-1.76,4453.50,1879.0
MADynamicSR,,0.8,default,0.007,0.01,0.015,0.4,-4817.20,2969,3.84,48.17,0.04,-1.62,1.83,-1.76,4453.50,1826.8
MADynamicSR,,0.8,wide,0.01,0.015,0.02,0.4,-4817.20,2969,3.84,48.17,0.04,-1.62,1.83,-1.76,4453.50,1813.0
EMASMACrossover,,0.5,tight,0.005,0.01,0.015,0.4,-5073.65,3016,6.07,50.74,0.04,-1.68,1.18,-1.87,4524.00,1779.7
EMASMACrossover,,0.5,default,0.007,0.01,0.015,0.4,-5073.65,3016,6.07,50.74,0.04,-1.68,1.18,-1.87,4524.00,1796.2
EMASMACrossover,,0.5,wide,0.01,0.015,0.02,0.4,-5073.65,3016,6.07,50.74,0.04,-1.68,1.18,-1.87,4524.00,1867.4