source	original_sha256	original_bytes	packet_path	redacted_sha256	redacted_bytes
/opt/ogzprime/OGZPMLV2-part-c-20260901/ogz-meta/cognition-history/mercury-runs/2026-09-01.jsonl:line-1	34381d6e6acead553cd44d9d4690947fe7ff0d6ddb96a0c45981cb377128137c	332504	ogz-meta/inbox/amp/2026-08-29/ghost-caps-venue-guard-truth/tapes/run-1/ledger-line.jsonl	34381d6e6acead553cd44d9d4690947fe7ff0d6ddb96a0c45981cb377128137c	332504
/opt/ogzprime/OGZPMLV2-part-c-20260901/ogz-meta/cognition-history/mercury-runs/raw/2026-09-01/2026-09-01t00-23-38-609z-1633068-3075d41186fa/fable_challenger-1.raw	16ea926d79c8150a0a28cbddf4e52f42011625087a84a6b84f489bbe55335cea	19404	ogz-meta/inbox/amp/2026-08-29/ghost-caps-venue-guard-truth/tapes/run-1/fable_challenger-1.raw	bab057e41d448cf5acc8e4741840475fad09bc3c41c011cbfb8bad79e04bb2f3	12894
/opt/ogzprime/OGZPMLV2-part-c-20260901/ogz-meta/cognition-history/mercury-runs/raw/2026-09-01/2026-09-01t00-23-38-609z-1633068-3075d41186fa/fable_challenger-stderr-1.raw	e705bbf8982385da2b1a03725921d0a6c6730bbaadd22c8f9168522573d067e0	157	ogz-meta/inbox/amp/2026-08-29/ghost-caps-venue-guard-truth/tapes/run-1/fable_challenger-stderr-1.raw	e705bbf8982385da2b1a03725921d0a6c6730bbaadd22c8f9168522573d067e0	157
/opt/ogzprime/OGZPMLV2-part-c-20260901/ogz-meta/cognition-history/mercury-runs/raw/2026-09-01/2026-09-01t00-23-38-609z-1633068-3075d41186fa/kimi_tie_breaker-1.raw	aff357123496f7557b6ed87f587bad0596f1fc225e1cc7bfaf62ce0484ac40ea	2954	ogz-meta/inbox/amp/2026-08-29/ghost-caps-venue-guard-truth/tapes/run-1/kimi_tie_breaker-1.raw	542fad6dada334071b3719030c9d22b36ce768c36c07eb041a18c58a43c8c5e2	2924
/opt/ogzprime/OGZPMLV2-part-c-20260901/ogz-meta/cognition-history/mercury-runs/raw/2026-09-01/2026-09-01t00-23-38-609z-1633068-3075d41186fa/mercury-1.raw	c824426870e81e4739d9d0d0d47d428bf9550f6efdd04b4e350bb59ee5b81fa7	650	ogz-meta/inbox/amp/2026-08-29/ghost-caps-venue-guard-truth/tapes/run-1/mercury-1.raw	a98006b36e537d95a4f39b6aff91eed12b2b5d42f21a8bea89de770dbef9ae92	615
/opt/ogzprime/OGZPMLV2-part-c-20260901/ogz-meta/cognition-history/mercury-runs/raw/2026-09-01/2026-09-01t00-23-38-609z-1633068-3075d41186fa/mercury-10.raw	5463201bb2e10e02eb554fa12e7b8b823d5b1cb9eb641bf54b28ab2a5041692a	696	ogz-meta/inbox/amp/2026-08-29/ghost-caps-venue-guard-truth/tapes/run-1/mercury-10.raw	a8871c8470538af68aecbabd4ab8b4b6f01dae1288719f62b775fc0398b1a337	661
/opt/ogzprime/OGZPMLV2-part-c-20260901/ogz-meta/cognition-history/mercury-runs/raw/2026-09-01/2026-09-01t00-23-38-609z-1633068-3075d41186fa/mercury-11.raw	5216a09c53c6fa1a3a352f40a78d303c302fe0b2c803266b8b45b49dd6d8c2db	674	ogz-meta/inbox/amp/2026-08-29/ghost-caps-venue-guard-truth/tapes/run-1/mercury-11.raw	5f44e8567a3203db2dcca59a326b05ccdce3f158c99e57aacc6c5c9a9cf01f37	639
/opt/ogzprime/OGZPMLV2-part-c-20260901/ogz-meta/cognition-history/mercury-runs/raw/2026-09-01/2026-09-01t00-23-38-609z-1633068-3075d41186fa/mercury-12.raw	57dc5705b661a5e241243a3e1f8b71bdff61af8ed8a7baa8902c7528c24228fc	670	ogz-meta/inbox/amp/2026-08-29/ghost-caps-venue-guard-truth/tapes/run-1/mercury-12.raw	fc81482f24bc14ce938ad57cc0ea2c149df342a0cc7367f9c48f3f16bf1ac020	635
/opt/ogzprime/OGZPMLV2-part-c-20260901/ogz-meta/cognition-history/mercury-runs/raw/2026-09-01/2026-09-01t00-23-38-609z-1633068-3075d41186fa/mercury-13.raw	235c570f1e733ce1d6b25f906e624363c2d02934f5215d211506829df9eb029c	2343	ogz-meta/inbox/amp/2026-08-29/ghost-caps-venue-guard-truth/tapes/run-1/mercury-13.raw	13c268d2a685b31a0010f3dbb5fb2a2b2dc734c0e28eb7fce76dc1d839b5e09e	2297
/opt/ogzprime/OGZPMLV2-part-c-20260901/ogz-meta/cognition-history/mercury-runs/raw/2026-09-01/2026-09-01t00-23-38-609z-1633068-3075d41186fa/mercury-2.raw	ebe25c20e64b6d208bdc1efb41c1318de129f80a7220d81ed73a6b71ec21f61c	661	ogz-meta/inbox/amp/2026-08-29/ghost-caps-venue-guard-truth/tapes/run-1/mercury-2.raw	1ecfb0fa03bd5142ac3a55c71c7dd7b1a7449e2e21ef6d431032897f81eb5021	626
/opt/ogzprime/OGZPMLV2-part-c-20260901/ogz-meta/cognition-history/mercury-runs/raw/2026-09-01/2026-09-01t00-23-38-609z-1633068-3075d41186fa/mercury-3.raw	049f0844beb8c02abde89e9aefdc9da4117bd6343e1b96b67489ae8ad7d1f1ec	663	ogz-meta/inbox/amp/2026-08-29/ghost-caps-venue-guard-truth/tapes/run-1/mercury-3.raw	297ff594cd4c477a6f5102f80b079c08d4728d61bd6a71b40ebb92b928cb5380	628
/opt/ogzprime/OGZPMLV2-part-c-20260901/ogz-meta/cognition-history/mercury-runs/raw/2026-09-01/2026-09-01t00-23-38-609z-1633068-3075d41186fa/mercury-4.raw	78d468639d24fda12ba0500bd3113100946728ed4295a983516774d05d22bef9	668	ogz-meta/inbox/amp/2026-08-29/ghost-caps-venue-guard-truth/tapes/run-1/mercury-4.raw	c6f9dd5cf608e03c7ddbd5ca2b3909b37850a4e6eec8647458eb1ceba2ff9970	633
/opt/ogzprime/OGZPMLV2-part-c-20260901/ogz-meta/cognition-history/mercury-runs/raw/2026-09-01/2026-09-01t00-23-38-609z-1633068-3075d41186fa/mercury-5.raw	d232fae5220fe9eb1c6a5822c3b92b41fa2e4cef4b97fecef2b35565e656160c	643	ogz-meta/inbox/amp/2026-08-29/ghost-caps-venue-guard-truth/tapes/run-1/mercury-5.raw	5a9d8444f653297cd52f6b54ed6a417b10f65adbaca17a7c3bbc4ce9b158579a	608
/opt/ogzprime/OGZPMLV2-part-c-20260901/ogz-meta/cognition-history/mercury-runs/raw/2026-09-01/2026-09-01t00-23-38-609z-1633068-3075d41186fa/mercury-6.raw	ee5380032bd146b830d32fc1a151df0ec78d9057bec647417dafd60545f349a1	670	ogz-meta/inbox/amp/2026-08-29/ghost-caps-venue-guard-truth/tapes/run-1/mercury-6.raw	b66f3768e9904b711c1967da31fde6d44b5acd98c408667ee098ea1619cd3f75	635
/opt/ogzprime/OGZPMLV2-part-c-20260901/ogz-meta/cognition-history/mercury-runs/raw/2026-09-01/2026-09-01t00-23-38-609z-1633068-3075d41186fa/mercury-7.raw	0ee0ead8d7b4d7c7ab00f795e8ebacafe70bf13850b24abd19c20ea29716a405	739	ogz-meta/inbox/amp/2026-08-29/ghost-caps-venue-guard-truth/tapes/run-1/mercury-7.raw	40f9729f61d85909bdd5fc6b400f47364f77129920e704cf7a3049896fac2ea7	704
/opt/ogzprime/OGZPMLV2-part-c-20260901/ogz-meta/cognition-history/mercury-runs/raw/2026-09-01/2026-09-01t00-23-38-609z-1633068-3075d41186fa/mercury-8.raw	6bdf4927b7a6a8675ab6ae55d3647d18784718b9bb3f7d41d04a5c25c2bcc404	699	ogz-meta/inbox/amp/2026-08-29/ghost-caps-venue-guard-truth/tapes/run-1/mercury-8.raw	e87657065fe7dbd73f035809c31a8d20aa74472019a1a657325255dffafc2aeb	664
/opt/ogzprime/OGZPMLV2-part-c-20260901/ogz-meta/cognition-history/mercury-runs/raw/2026-09-01/2026-09-01t00-23-38-609z-1633068-3075d41186fa/mercury-9.raw	d7b521bf8cff9b0a4edc94f46727a1c208cc084ac1956796adf1f935eba2c758	650	ogz-meta/inbox/amp/2026-08-29/ghost-caps-venue-guard-truth/tapes/run-1/mercury-9.raw	a9214a2e6c2eddd66ad29cbe10037c5e11acd4a2651d954fb835b0fd300a54d0	615
/opt/ogzprime/OGZPMLV2-part-c-20260901/ogz-meta/cognition-history/mercury-runs/raw/2026-09-01/2026-09-01t00-23-38-609z-1633068-3075d41186fa/mercury_recheck_1-1.raw	bebb01d8d48ff44b93a8e3e376df64845026d1eb50920664d059bb2e6d3b35fd	638	ogz-meta/inbox/amp/2026-08-29/ghost-caps-venue-guard-truth/tapes/run-1/mercury_recheck_1-1.raw	579ce3ae2a605f5322dabeab57b32d3bf902c5419d5a1553736b62e45c129aad	603
/opt/ogzprime/OGZPMLV2-part-c-20260901/ogz-meta/cognition-history/mercury-runs/raw/2026-09-01/2026-09-01t00-23-38-609z-1633068-3075d41186fa/mercury_recheck_1-10.raw	fa6c57bc935319556cda234eaf3c8257d2bf59deb1d1035129d560d507c82c2e	691	ogz-meta/inbox/amp/2026-08-29/ghost-caps-venue-guard-truth/tapes/run-1/mercury_recheck_1-10.raw	b35385d46dd8accffba90bb74d0e3f0de0d7976356dd1630fe3dd7752bcede31	656
/opt/ogzprime/OGZPMLV2-part-c-20260901/ogz-meta/cognition-history/mercury-runs/raw/2026-09-01/2026-09-01t00-23-38-609z-1633068-3075d41186fa/mercury_recheck_1-11.raw	9acdef2173a838b2a7888894f25bd94d6a454dba2350e2521d0f31b533e30871	715	ogz-meta/inbox/amp/2026-08-29/ghost-caps-venue-guard-truth/tapes/run-1/mercury_recheck_1-11.raw	dd7239c3b42aa27af2f61306be80cdb6977476981980c64e1d2d514f2ff10b8d	680
/opt/ogzprime/OGZPMLV2-part-c-20260901/ogz-meta/cognition-history/mercury-runs/raw/2026-09-01/2026-09-01t00-23-38-609z-1633068-3075d41186fa/mercury_recheck_1-12.raw	1e31e28f4a51a0235ebe8bed743360ac3e360b852ebb4f74fc4e8cae795cd0d7	672	ogz-meta/inbox/amp/2026-08-29/ghost-caps-venue-guard-truth/tapes/run-1/mercury_recheck_1-12.raw	d508a8376cb2a9a0f1d7a382a50a2cadbddb4326c61e638f07a98839506fc051	637
/opt/ogzprime/OGZPMLV2-part-c-20260901/ogz-meta/cognition-history/mercury-runs/raw/2026-09-01/2026-09-01t00-23-38-609z-1633068-3075d41186fa/mercury_recheck_1-13.raw	a69093e089282d034dd56d8ea5b78a19525a40f5337fb36032e065442b28c74b	656	ogz-meta/inbox/amp/2026-08-29/ghost-caps-venue-guard-truth/tapes/run-1/mercury_recheck_1-13.raw	7c9017076f436895101bb914b016f4c22cc6593b1ea7cc8e2ad0c1f1d863cb1c	621
/opt/ogzprime/OGZPMLV2-part-c-20260901/ogz-meta/cognition-history/mercury-runs/raw/2026-09-01/2026-09-01t00-23-38-609z-1633068-3075d41186fa/mercury_recheck_1-14.raw	b9580d4f8237477054341d3efae8bc3f8b0ee4e5d3fd9a56849d1a10c209e327	4547	ogz-meta/inbox/amp/2026-08-29/ghost-caps-venue-guard-truth/tapes/run-1/mercury_recheck_1-14.raw	ef7e650f301212480d700d0a041087bcbc8fe8708f96ccc6b9a011b45831df33	4505
/opt/ogzprime/OGZPMLV2-part-c-20260901/ogz-meta/cognition-history/mercury-runs/raw/2026-09-01/2026-09-01t00-23-38-609z-1633068-3075d41186fa/mercury_recheck_1-2.raw	fb77d07aa0280d23f9847398c4f33d8993a0bad5bbe06b854a410a19e9370633	674	ogz-meta/inbox/amp/2026-08-29/ghost-caps-venue-guard-truth/tapes/run-1/mercury_recheck_1-2.raw	a811f190a0f11a8ac5ff208f084aa0f1884ee029c9dc8eee7e9e35285590af56	639
/opt/ogzprime/OGZPMLV2-part-c-20260901/ogz-meta/cognition-history/mercury-runs/raw/2026-09-01/2026-09-01t00-23-38-609z-1633068-3075d41186fa/mercury_recheck_1-3.raw	e81b9516f09e51d0c70b409e5c274bb7f928d5dbd09c4faa8c7d485d836a5d3f	654	ogz-meta/inbox/amp/2026-08-29/ghost-caps-venue-guard-truth/tapes/run-1/mercury_recheck_1-3.raw	3f2b9cb34b3cd49bee38e04a43b13def9de49fc84350123a75a85887de1ab20d	619
/opt/ogzprime/OGZPMLV2-part-c-20260901/ogz-meta/cognition-history/mercury-runs/raw/2026-09-01/2026-09-01t00-23-38-609z-1633068-3075d41186fa/mercury_recheck_1-4.raw	0c95ad1da9d7872c88ef1e45213cfe9efff44d301618bb45babfb0230265e002	662	ogz-meta/inbox/amp/2026-08-29/ghost-caps-venue-guard-truth/tapes/run-1/mercury_recheck_1-4.raw	82a0fd1dd4b8b034a0045c8b42b9e38177d3d4e1aee110ba23e268e42dfbbc4e	627
/opt/ogzprime/OGZPMLV2-part-c-20260901/ogz-meta/cognition-history/mercury-runs/raw/2026-09-01/2026-09-01t00-23-38-609z-1633068-3075d41186fa/mercury_recheck_1-5.raw	2b914195c94249a321a393a32832300dbe61b09714ec1cd93f19e3f720a7d7f8	656	ogz-meta/inbox/amp/2026-08-29/ghost-caps-venue-guard-truth/tapes/run-1/mercury_recheck_1-5.raw	3d6052fbe8d0c6a855116dde48374a2c3e43ab920910911237c47d2d4f1f8960	621
/opt/ogzprime/OGZPMLV2-part-c-20260901/ogz-meta/cognition-history/mercury-runs/raw/2026-09-01/2026-09-01t00-23-38-609z-1633068-3075d41186fa/mercury_recheck_1-6.raw	5400847ae9a9cdd775b4fe3dec00ec9879f8eca412748eab24c6016360fb329b	653	ogz-meta/inbox/amp/2026-08-29/ghost-caps-venue-guard-truth/tapes/run-1/mercury_recheck_1-6.raw	f529e35e94bb6ba970689ea8f70f496e3e028bdd4b37c89c882f29535a73c5b4	618
/opt/ogzprime/OGZPMLV2-part-c-20260901/ogz-meta/cognition-history/mercury-runs/raw/2026-09-01/2026-09-01t00-23-38-609z-1633068-3075d41186fa/mercury_recheck_1-7.raw	98b228fe4964b020a131e826efec77e2ad5f626274b2adc7d392726f2f66577d	668	ogz-meta/inbox/amp/2026-08-29/ghost-caps-venue-guard-truth/tapes/run-1/mercury_recheck_1-7.raw	8db91d99dd4a8270910d612ad9429960f4640fb0add84f82de0c4cd6aba888b9	633
/opt/ogzprime/OGZPMLV2-part-c-20260901/ogz-meta/cognition-history/mercury-runs/raw/2026-09-01/2026-09-01t00-23-38-609z-1633068-3075d41186fa/mercury_recheck_1-8.raw	f7d57d91a10663e81676a624c8ed9a970272568670386080d7f5971ba4e7b400	644	ogz-meta/inbox/amp/2026-08-29/ghost-caps-venue-guard-truth/tapes/run-1/mercury_recheck_1-8.raw	982edd9e4018322b1437f5ca82ce079bc437d779a7e5660e53cede72c84323c5	609
/opt/ogzprime/OGZPMLV2-part-c-20260901/ogz-meta/cognition-history/mercury-runs/raw/2026-09-01/2026-09-01t00-23-38-609z-1633068-3075d41186fa/mercury_recheck_1-9.raw	df602c7ffcce9739745e42f395250c78769f4edb1dd08053f9123b77fe2bc5bc	753	ogz-meta/inbox/amp/2026-08-29/ghost-caps-venue-guard-truth/tapes/run-1/mercury_recheck_1-9.raw	1d0dc04639c1fcaaa0ce48d24d758c58df3ca88000197950c46a6521a79437d2	718
/opt/ogzprime/OGZPMLV2-part-c-20260901/ogz-meta/cognition-history/mercury-runs/2026-09-01.jsonl:line-2	e79cd0e25f214618c4126c3381fd73c365c2fd770250ac7bc2e4c8a65843ae91	355857	ogz-meta/inbox/amp/2026-08-29/ghost-caps-venue-guard-truth/tapes/run-2/ledger-line.jsonl	e79cd0e25f214618c4126c3381fd73c365c2fd770250ac7bc2e4c8a65843ae91	355857
/opt/ogzprime/OGZPMLV2-part-c-20260901/ogz-meta/cognition-history/mercury-runs/raw/2026-09-01/2026-09-01t00-30-35-591z-1634692-81590e0f4bc6/fable_challenger-1.raw	5512859efeb441c5c8dad1f4a54ff45a8b4eabf6380954ff6ca2209a2e477290	18271	ogz-meta/inbox/amp/2026-08-29/ghost-caps-venue-guard-truth/tapes/run-2/fable_challenger-1.raw	8e2b1a28334901b08e337f1b29dd6ffffd513fea2a4451ffd9a86d3adf5c92e9	12923
/opt/ogzprime/OGZPMLV2-part-c-20260901/ogz-meta/cognition-history/mercury-runs/raw/2026-09-01/2026-09-01t00-30-35-591z-1634692-81590e0f4bc6/fable_challenger-stderr-1.raw	e705bbf8982385da2b1a03725921d0a6c6730bbaadd22c8f9168522573d067e0	157	ogz-meta/inbox/amp/2026-08-29/ghost-caps-venue-guard-truth/tapes/run-2/fable_challenger-stderr-1.raw	e705bbf8982385da2b1a03725921d0a6c6730bbaadd22c8f9168522573d067e0	157
/opt/ogzprime/OGZPMLV2-part-c-20260901/ogz-meta/cognition-history/mercury-runs/raw/2026-09-01/2026-09-01t00-30-35-591z-1634692-81590e0f4bc6/kimi_tie_breaker-1.raw	8c7ece76e2f6319e7bdee3a8635d1c9357d269d5d5f661f71d255b3894623949	2735	ogz-meta/inbox/amp/2026-08-29/ghost-caps-venue-guard-truth/tapes/run-2/kimi_tie_breaker-1.raw	22778acaff6eb592881860c795642ef392788a38c5c1a7b7b9cccb5e1b068ec0	2712
/opt/ogzprime/OGZPMLV2-part-c-20260901/ogz-meta/cognition-history/mercury-runs/raw/2026-09-01/2026-09-01t00-30-35-591z-1634692-81590e0f4bc6/mercury-1.raw	e2e4774e68565e17c3d09f962e81655a4a52eeef50f4926e10a35312f502691d	593	ogz-meta/inbox/amp/2026-08-29/ghost-caps-venue-guard-truth/tapes/run-2/mercury-1.raw	43cf718a1a83e6bcd7c65928685ae2e68be03fbe6e523e5f917f96153d80956e	558
/opt/ogzprime/OGZPMLV2-part-c-20260901/ogz-meta/cognition-history/mercury-runs/raw/2026-09-01/2026-09-01t00-30-35-591z-1634692-81590e0f4bc6/mercury-10.raw	3ef6e273582b46e2a269e7885ef444a2a81fd15ab8c41d362f7bc6d1c9439a98	652	ogz-meta/inbox/amp/2026-08-29/ghost-caps-venue-guard-truth/tapes/run-2/mercury-10.raw	8ee10648c1e19ba3e343e173aa7c22fd0cb63f24867b68c95b73a913eb1c5393	617
/opt/ogzprime/OGZPMLV2-part-c-20260901/ogz-meta/cognition-history/mercury-runs/raw/2026-09-01/2026-09-01t00-30-35-591z-1634692-81590e0f4bc6/mercury-11.raw	e7706e522f654a340499c34ad6773fa7087e54d1da1c2dd995445f7c6a503441	651	ogz-meta/inbox/amp/2026-08-29/ghost-caps-venue-guard-truth/tapes/run-2/mercury-11.raw	c6e5026a98d9c8384c4578a7d32d902edeb5e14176d083bf9ff8257ea04be85c	616
/opt/ogzprime/OGZPMLV2-part-c-20260901/ogz-meta/cognition-history/mercury-runs/raw/2026-09-01/2026-09-01t00-30-35-591z-1634692-81590e0f4bc6/mercury-12.raw	eb31542dc0e3937ebd09588254ede811bb30db34bd0208f27ecca18090862cf1	669	ogz-meta/inbox/amp/2026-08-29/ghost-caps-venue-guard-truth/tapes/run-2/mercury-12.raw	d726e41096ccc6a5cef2bb6f27ac85791ef8498c67a13d8dae824c0113e86a36	634
/opt/ogzprime/OGZPMLV2-part-c-20260901/ogz-meta/cognition-history/mercury-runs/raw/2026-09-01/2026-09-01t00-30-35-591z-1634692-81590e0f4bc6/mercury-13.raw	7beee0d73221eff7902af3906ac1738be4f6d9f0a29c9f1e01f932fbe7f07807	637	ogz-meta/inbox/amp/2026-08-29/ghost-caps-venue-guard-truth/tapes/run-2/mercury-13.raw	2520212bec461eef4570f31f1e0129812acefcd5fd125ada4feb08b9c0af921b	602
/opt/ogzprime/OGZPMLV2-part-c-20260901/ogz-meta/cognition-history/mercury-runs/raw/2026-09-01/2026-09-01t00-30-35-591z-1634692-81590e0f4bc6/mercury-14.raw	da5cb0c9121d4376842343206a8a7a2a8f3fff0a32fd19f115818acff60314e6	647	ogz-meta/inbox/amp/2026-08-29/ghost-caps-venue-guard-truth/tapes/run-2/mercury-14.raw	cce8aa5874e1cefd22b2cc139794398da3b88b727e72471b68b17114850bc44e	612
/opt/ogzprime/OGZPMLV2-part-c-20260901/ogz-meta/cognition-history/mercury-runs/raw/2026-09-01/2026-09-01t00-30-35-591z-1634692-81590e0f4bc6/mercury-15.raw	c1a65e516bca1af7d75519bc55449cd0ea6e184f8aa2138e76de2beedd7297fa	633	ogz-meta/inbox/amp/2026-08-29/ghost-caps-venue-guard-truth/tapes/run-2/mercury-15.raw	513ff2a4be985b741fcfc3e4e16597142a11e3d044c260e7617e0c5514c264dd	598
/opt/ogzprime/OGZPMLV2-part-c-20260901/ogz-meta/cognition-history/mercury-runs/raw/2026-09-01/2026-09-01t00-30-35-591z-1634692-81590e0f4bc6/mercury-16.raw	3af98a00bbb69bc82e998e4c211cceed637d138685cba3179c8176ccfb0a4dd6	644	ogz-meta/inbox/amp/2026-08-29/ghost-caps-venue-guard-truth/tapes/run-2/mercury-16.raw	c8b50ee105462ecefd55a6ec1b560874ad555617cf02ddecd1e9315ed362e1f9	609
/opt/ogzprime/OGZPMLV2-part-c-20260901/ogz-meta/cognition-history/mercury-runs/raw/2026-09-01/2026-09-01t00-30-35-591z-1634692-81590e0f4bc6/mercury-17.raw	89e0bfc63bfa8d1d5e220685b5f42f2917a8105788cb247f71da982de1ea11b7	601	ogz-meta/inbox/amp/2026-08-29/ghost-caps-venue-guard-truth/tapes/run-2/mercury-17.raw	e5f39869d8a4a6cc82b3316b19dd8b4c6a847c05b7b7260fd34feddfcadcf395	566
/opt/ogzprime/OGZPMLV2-part-c-20260901/ogz-meta/cognition-history/mercury-runs/raw/2026-09-01/2026-09-01t00-30-35-591z-1634692-81590e0f4bc6/mercury-18.raw	191886a9e44f6c3c5bace362d053e1415e3e016c0903fc24799bba5c1baee1c9	657	ogz-meta/inbox/amp/2026-08-29/ghost-caps-venue-guard-truth/tapes/run-2/mercury-18.raw	a5333e6440538a2f38bf578b2227b4b1f0130ce6d1d2b2c8b2def1e395eeb756	622
/opt/ogzprime/OGZPMLV2-part-c-20260901/ogz-meta/cognition-history/mercury-runs/raw/2026-09-01/2026-09-01t00-30-35-591z-1634692-81590e0f4bc6/mercury-19.raw	02aa295458359ecf397b2b3cf7407c312dc399bd51a8ab2fb625e40314700d40	639	ogz-meta/inbox/amp/2026-08-29/ghost-caps-venue-guard-truth/tapes/run-2/mercury-19.raw	cb0fa167a3bbd1c78c1fe3d4146c4477df7bcce2b618725dfc6e109a31e6f045	604
/opt/ogzprime/OGZPMLV2-part-c-20260901/ogz-meta/cognition-history/mercury-runs/raw/2026-09-01/2026-09-01t00-30-35-591z-1634692-81590e0f4bc6/mercury-2.raw	bcd9deebde20b195086a0c53decf28ea3f5970ce03e1b0826337961d37c79350	599	ogz-meta/inbox/amp/2026-08-29/ghost-caps-venue-guard-truth/tapes/run-2/mercury-2.raw	fe3d900d105280eebb7c28a0d67838033664eb9fe4fcc98199edebd789c98b9c	564
/opt/ogzprime/OGZPMLV2-part-c-20260901/ogz-meta/cognition-history/mercury-runs/raw/2026-09-01/2026-09-01t00-30-35-591z-1634692-81590e0f4bc6/mercury-20.raw	5a5ce0d34e530d79b54c971fc6720616a37c879405fa79d6540be2b2a7e20d07	640	ogz-meta/inbox/amp/2026-08-29/ghost-caps-venue-guard-truth/tapes/run-2/mercury-20.raw	2223c9d11fc78d070c6c7bed9a7e8e4a365e1d5da6b5c27e5ec73f1787c381e5	605
/opt/ogzprime/OGZPMLV2-part-c-20260901/ogz-meta/cognition-history/mercury-runs/raw/2026-09-01/2026-09-01t00-30-35-591z-1634692-81590e0f4bc6/mercury-21.raw	cea1a1edb99f5a25c33a6a6676dadaf41dd36b6c5ad4a9d21c694ce540e87cf6	650	ogz-meta/inbox/amp/2026-08-29/ghost-caps-venue-guard-truth/tapes/run-2/mercury-21.raw	75ea9def3cfca17b8b7cc7aca94f3b08e8b5cb7d602313d88b9a12bda5c1eb37	615
/opt/ogzprime/OGZPMLV2-part-c-20260901/ogz-meta/cognition-history/mercury-runs/raw/2026-09-01/2026-09-01t00-30-35-591z-1634692-81590e0f4bc6/mercury-22.raw	ee4b2edca81ad901d978f9d7c75cb08bf0e5cb495ea69363927bfd5a477c4de5	668	ogz-meta/inbox/amp/2026-08-29/ghost-caps-venue-guard-truth/tapes/run-2/mercury-22.raw	68d01e0d0751cf2fccdeeadfb00c7fdc828dbb749b6e3f9d24dc326905e9cf41	633
/opt/ogzprime/OGZPMLV2-part-c-20260901/ogz-meta/cognition-history/mercury-runs/raw/2026-09-01/2026-09-01t00-30-35-591z-1634692-81590e0f4bc6/mercury-23.raw	fe1eba882ce2c3366e954cccb1ffe99dbefb37413dfcac0b510b8097e3661111	670	ogz-meta/inbox/amp/2026-08-29/ghost-caps-venue-guard-truth/tapes/run-2/mercury-23.raw	1cdfd2aef6577cf18578dfbabbda8256bbfa9cab2b5e9b919bb6eb3ca04fa6b9	635
/opt/ogzprime/OGZPMLV2-part-c-20260901/ogz-meta/cognition-history/mercury-runs/raw/2026-09-01/2026-09-01t00-30-35-591z-1634692-81590e0f4bc6/mercury-24.raw	8760c13e8036f09bba094ffa8b4d9cf44969450e2bcdc705352a2564f7140ef1	675	ogz-meta/inbox/amp/2026-08-29/ghost-caps-venue-guard-truth/tapes/run-2/mercury-24.raw	ae0f0c4d65ceb310a4c1e2ceece5b43902b3e8002fdad4d0868215c90d27f478	640
/opt/ogzprime/OGZPMLV2-part-c-20260901/ogz-meta/cognition-history/mercury-runs/raw/2026-09-01/2026-09-01t00-30-35-591z-1634692-81590e0f4bc6/mercury-25.raw	38b9f59a13a4113d3d04a6e8118e0aac7a242605686111d1770a2e4beccbee86	655	ogz-meta/inbox/amp/2026-08-29/ghost-caps-venue-guard-truth/tapes/run-2/mercury-25.raw	4b18d6b7d278312a22c3c641fecede65c6def987daade16ebf27643c1c3db248	620
/opt/ogzprime/OGZPMLV2-part-c-20260901/ogz-meta/cognition-history/mercury-runs/raw/2026-09-01/2026-09-01t00-30-35-591z-1634692-81590e0f4bc6/mercury-26.raw	a03a04140f6de0953e4ef1762ed91f83bdee255b01314bd1609824b6bda914a9	651	ogz-meta/inbox/amp/2026-08-29/ghost-caps-venue-guard-truth/tapes/run-2/mercury-26.raw	e208b46d4049d0a26218157b691f7386beb38e8d99f9962c347deea2c72be8cb	616
/opt/ogzprime/OGZPMLV2-part-c-20260901/ogz-meta/cognition-history/mercury-runs/raw/2026-09-01/2026-09-01t00-30-35-591z-1634692-81590e0f4bc6/mercury-27.raw	c7ced72fbd9c280b7193442e0d46c1b4d20816c006060d16bc2072d95e20b670	653	ogz-meta/inbox/amp/2026-08-29/ghost-caps-venue-guard-truth/tapes/run-2/mercury-27.raw	5044b1abe0f3eeacdb6e9d656bbf52e6f7e46c3a93e0eb6229ee1f5023ad686a	618
/opt/ogzprime/OGZPMLV2-part-c-20260901/ogz-meta/cognition-history/mercury-runs/raw/2026-09-01/2026-09-01t00-30-35-591z-1634692-81590e0f4bc6/mercury-28.raw	c28464219cb96f34c16fe7231c8d3f19c5ee2f9d1abfaaca043e3fbbd70468c8	722	ogz-meta/inbox/amp/2026-08-29/ghost-caps-venue-guard-truth/tapes/run-2/mercury-28.raw	c154ed545448fd27f7ba88431e988aa24e7d9ae2e947cf0acccfd9087cabe5c7	687
/opt/ogzprime/OGZPMLV2-part-c-20260901/ogz-meta/cognition-history/mercury-runs/raw/2026-09-01/2026-09-01t00-30-35-591z-1634692-81590e0f4bc6/mercury-29.raw	4c5ee78cb8746ff8842a5de7135cb36cb1eef625aa10fdc572dc750dbec1a274	645	ogz-meta/inbox/amp/2026-08-29/ghost-caps-venue-guard-truth/tapes/run-2/mercury-29.raw	054fc2c9da709cdec75c7c58ad6e03217c07d10d6d62b2f56bbd1fdab9919c0b	610
/opt/ogzprime/OGZPMLV2-part-c-20260901/ogz-meta/cognition-history/mercury-runs/raw/2026-09-01/2026-09-01t00-30-35-591z-1634692-81590e0f4bc6/mercury-3.raw	b523f6a7b904a975d6ef0e5b6b06da89b025d26ddb9ae73a5376f04ea7162fd4	635	ogz-meta/inbox/amp/2026-08-29/ghost-caps-venue-guard-truth/tapes/run-2/mercury-3.raw	9a2849e1a78fc48a4306e934399cbd66eecf13caa882101d9b9bf9d91185fe7a	600
/opt/ogzprime/OGZPMLV2-part-c-20260901/ogz-meta/cognition-history/mercury-runs/raw/2026-09-01/2026-09-01t00-30-35-591z-1634692-81590e0f4bc6/mercury-30.raw	9499d3a165bbb38831278120bc53c66d283940719d88387a22d72284801f0363	652	ogz-meta/inbox/amp/2026-08-29/ghost-caps-venue-guard-truth/tapes/run-2/mercury-30.raw	69c43621dbe8763e5d79cfa07d0345aeffc8a2cfe9245813ab8865e63c2b5eb7	617
/opt/ogzprime/OGZPMLV2-part-c-20260901/ogz-meta/cognition-history/mercury-runs/raw/2026-09-01/2026-09-01t00-30-35-591z-1634692-81590e0f4bc6/mercury-31.raw	dbbecdbf3060db174ae257a18177f0e84b1bb2f2436308348fda1cf6ac19f130	635	ogz-meta/inbox/amp/2026-08-29/ghost-caps-venue-guard-truth/tapes/run-2/mercury-31.raw	c16b74856e1c43f1a9fd11e608283bcd69f84c2ceaa177370754b608d4119116	600
/opt/ogzprime/OGZPMLV2-part-c-20260901/ogz-meta/cognition-history/mercury-runs/raw/2026-09-01/2026-09-01t00-30-35-591z-1634692-81590e0f4bc6/mercury-32.raw	c0cfe4543b7bcc87a21f9d0d2bf23c5f10d483abe4a8fc794b74088d9ecb99a4	624	ogz-meta/inbox/amp/2026-08-29/ghost-caps-venue-guard-truth/tapes/run-2/mercury-32.raw	3829c2a60a0e0e5e76ab8d3e60c5fb97c60caf84df15f9fea32b53ccb29762a9	589
/opt/ogzprime/OGZPMLV2-part-c-20260901/ogz-meta/cognition-history/mercury-runs/raw/2026-09-01/2026-09-01t00-30-35-591z-1634692-81590e0f4bc6/mercury-33.raw	79996dd9b6fc45f31e3bd30f3388df77fcbbabf7fb65c608a2b100bcfb1a0dc3	634	ogz-meta/inbox/amp/2026-08-29/ghost-caps-venue-guard-truth/tapes/run-2/mercury-33.raw	e73e82f3853624c22b6c025cc11db02d5c4bfde90386efe0991fca94136474c6	599
/opt/ogzprime/OGZPMLV2-part-c-20260901/ogz-meta/cognition-history/mercury-runs/raw/2026-09-01/2026-09-01t00-30-35-591z-1634692-81590e0f4bc6/mercury-34.raw	8c7d13c8777f67f463c9a4874990f01e423f5d096cf4f8009c32639cc0746cd1	630	ogz-meta/inbox/amp/2026-08-29/ghost-caps-venue-guard-truth/tapes/run-2/mercury-34.raw	c4cc2a5376a1fc16adb0b1dfab14595b6f4d53597b029b367c355826b835e8ad	595
/opt/ogzprime/OGZPMLV2-part-c-20260901/ogz-meta/cognition-history/mercury-runs/raw/2026-09-01/2026-09-01t00-30-35-591z-1634692-81590e0f4bc6/mercury-35.raw	7778fc61ba4226181aa1e2bedb56d371ed6f05802db8548d207fc096cf9bc3ce	669	ogz-meta/inbox/amp/2026-08-29/ghost-caps-venue-guard-truth/tapes/run-2/mercury-35.raw	303e583e5cae40da61a7348decfe79aa32455093b1904dcdfdee62e9b070813a	634
/opt/ogzprime/OGZPMLV2-part-c-20260901/ogz-meta/cognition-history/mercury-runs/raw/2026-09-01/2026-09-01t00-30-35-591z-1634692-81590e0f4bc6/mercury-36.raw	e7480a9c9e0ddf1e4856b4c2e54b09f7c381093ddac7bd09987aee46ec09a2af	638	ogz-meta/inbox/amp/2026-08-29/ghost-caps-venue-guard-truth/tapes/run-2/mercury-36.raw	149a439d333a045f911b7a88bdd9477a31e33d5ea4c8bbe58e2a005f7580dff9	603
/opt/ogzprime/OGZPMLV2-part-c-20260901/ogz-meta/cognition-history/mercury-runs/raw/2026-09-01/2026-09-01t00-30-35-591z-1634692-81590e0f4bc6/mercury-37.raw	00ebd2e382533c8855c7fc1d3e4f0e5471d497db6179692c2406a854ac1b7d33	647	ogz-meta/inbox/amp/2026-08-29/ghost-caps-venue-guard-truth/tapes/run-2/mercury-37.raw	15a4c82776c438d51bc8400de9ca840506192c6a2f25c7755bff2cbc4d858e29	612
/opt/ogzprime/OGZPMLV2-part-c-20260901/ogz-meta/cognition-history/mercury-runs/raw/2026-09-01/2026-09-01t00-30-35-591z-1634692-81590e0f4bc6/mercury-38.raw	a9ddb64b0bc1c10fc42bdd1a09651bbade4f1c9771d961b590621cd1edc79bf7	660	ogz-meta/inbox/amp/2026-08-29/ghost-caps-venue-guard-truth/tapes/run-2/mercury-38.raw	0c3c73307a2fb76b2bfa5757f36ba8801cabed37ea2e7896f9675a138efd4e6a	625
/opt/ogzprime/OGZPMLV2-part-c-20260901/ogz-meta/cognition-history/mercury-runs/raw/2026-09-01/2026-09-01t00-30-35-591z-1634692-81590e0f4bc6/mercury-39.raw	263c934186dda832fe591c14db48514573d0098f49d71a413f41ed479e7ca0f8	657	ogz-meta/inbox/amp/2026-08-29/ghost-caps-venue-guard-truth/tapes/run-2/mercury-39.raw	409e6ab4108eda65da1501b39ceb748a774cc0dbe2017748aafbb279be354a0b	622
/opt/ogzprime/OGZPMLV2-part-c-20260901/ogz-meta/cognition-history/mercury-runs/raw/2026-09-01/2026-09-01t00-30-35-591z-1634692-81590e0f4bc6/mercury-4.raw	75bc379a9ad9a91bb35d1a3b5674e6674179be58617283a3de04753d95fbe317	650	ogz-meta/inbox/amp/2026-08-29/ghost-caps-venue-guard-truth/tapes/run-2/mercury-4.raw	ddd743f1fbcb16cc9e4ae3a80bee510becd5b3384b8062e2839d77d104abdece	615
/opt/ogzprime/OGZPMLV2-part-c-20260901/ogz-meta/cognition-history/mercury-runs/raw/2026-09-01/2026-09-01t00-30-35-591z-1634692-81590e0f4bc6/mercury-40.raw	387b144a90d14f5cf2b22696d4a757f925bcae56df22aa6b1455c3a39a19366b	2414	ogz-meta/inbox/amp/2026-08-29/ghost-caps-venue-guard-truth/tapes/run-2/mercury-40.raw	e2e2eba3408a06633fae108207045a20b51285abf6064ffb54c8c6b14c0b6c9e	2379
/opt/ogzprime/OGZPMLV2-part-c-20260901/ogz-meta/cognition-history/mercury-runs/raw/2026-09-01/2026-09-01t00-30-35-591z-1634692-81590e0f4bc6/mercury-5.raw	48292740261afa7fb8328111a50b01b49b7e587ece44eb1dabaf06a0b1eee88c	652	ogz-meta/inbox/amp/2026-08-29/ghost-caps-venue-guard-truth/tapes/run-2/mercury-5.raw	fe3e753296808f9b6274c7947e21d1ddd6deb4bbf05ed73facb1ae77eee1101e	617
/opt/ogzprime/OGZPMLV2-part-c-20260901/ogz-meta/cognition-history/mercury-runs/raw/2026-09-01/2026-09-01t00-30-35-591z-1634692-81590e0f4bc6/mercury-6.raw	6ac6f44db327c71615fa9b6fc05b2552849b44496291198161af121c6e970cdc	647	ogz-meta/inbox/amp/2026-08-29/ghost-caps-venue-guard-truth/tapes/run-2/mercury-6.raw	40a3f36d36870e1e06484f41b495b41a26f37f7398d2fd0fd7909bf633f337ad	612
/opt/ogzprime/OGZPMLV2-part-c-20260901/ogz-meta/cognition-history/mercury-runs/raw/2026-09-01/2026-09-01t00-30-35-591z-1634692-81590e0f4bc6/mercury-7.raw	ca5c8ad5086557f2c190383cf3c01254ca59d83711266a6de19012552f5fefcf	638	ogz-meta/inbox/amp/2026-08-29/ghost-caps-venue-guard-truth/tapes/run-2/mercury-7.raw	ea10852511cb5bb4d586949ede0303a49c60e1918d283ddd811ba53f42ac268f	603
/opt/ogzprime/OGZPMLV2-part-c-20260901/ogz-meta/cognition-history/mercury-runs/raw/2026-09-01/2026-09-01t00-30-35-591z-1634692-81590e0f4bc6/mercury-8.raw	5bf1398505a47f6efa02017da8a3b0e32725d23fde81461704524176a6bee783	646	ogz-meta/inbox/amp/2026-08-29/ghost-caps-venue-guard-truth/tapes/run-2/mercury-8.raw	7d2632e1e15804e50ffc9632ed621e979758d09e55c8967c1cad2ddc25875aef	611
/opt/ogzprime/OGZPMLV2-part-c-20260901/ogz-meta/cognition-history/mercury-runs/raw/2026-09-01/2026-09-01t00-30-35-591z-1634692-81590e0f4bc6/mercury-9.raw	15049c2563a98968ff7efd77ba6f5700e7d0bc47ddf215fc3b4195bba87a2ee8	640	ogz-meta/inbox/amp/2026-08-29/ghost-caps-venue-guard-truth/tapes/run-2/mercury-9.raw	6b4e96cf02d7063f8f5d71778c4b45e9c19334e180b25e07a554d84b4adc4745	605
/opt/ogzprime/OGZPMLV2-part-c-20260901/ogz-meta/cognition-history/mercury-runs/raw/2026-09-01/2026-09-01t00-30-35-591z-1634692-81590e0f4bc6/mercury_recheck_1-1.raw	f17145030b7a0cc7e2374e6c4a73996b4660d41cfed13776adffca9870d5f565	791	ogz-meta/inbox/amp/2026-08-29/ghost-caps-venue-guard-truth/tapes/run-2/mercury_recheck_1-1.raw	769c0482b6ebb0351d63d2110f3a6c20c51330a260c768f9b46f065a2c29af7f	756
/opt/ogzprime/OGZPMLV2-part-c-20260901/ogz-meta/cognition-history/mercury-runs/raw/2026-09-01/2026-09-01t00-30-35-591z-1634692-81590e0f4bc6/mercury_recheck_1-10.raw	90a40978b739b6fa46e450caf833d1b3c0ac9151ece88f07db5b605b63f17899	661	ogz-meta/inbox/amp/2026-08-29/ghost-caps-venue-guard-truth/tapes/run-2/mercury_recheck_1-10.raw	5fbbefd47d0e71edc5fb17e790cccd3f33ee7e3d202adb5b11c8feddfc3fca61	626
/opt/ogzprime/OGZPMLV2-part-c-20260901/ogz-meta/cognition-history/mercury-runs/raw/2026-09-01/2026-09-01t00-30-35-591z-1634692-81590e0f4bc6/mercury_recheck_1-11.raw	7281f4fe49773b702bfeb955bada21e23c847097e3d2355215748c6880e6aa11	662	ogz-meta/inbox/amp/2026-08-29/ghost-caps-venue-guard-truth/tapes/run-2/mercury_recheck_1-11.raw	96ce3ab77eb170be72b51b57938995e866f80fc34207e6b16e141a02b18651b6	627
/opt/ogzprime/OGZPMLV2-part-c-20260901/ogz-meta/cognition-history/mercury-runs/raw/2026-09-01/2026-09-01t00-30-35-591z-1634692-81590e0f4bc6/mercury_recheck_1-12.raw	177f9bbd1c74a1ebd82d7589368b966b9b52c9129e1a15f65d3963936282e61f	655	ogz-meta/inbox/amp/2026-08-29/ghost-caps-venue-guard-truth/tapes/run-2/mercury_recheck_1-12.raw	27396e5e440cb7f39e48f0a6590de200b57f8afb11982b2acdc4b33b596ead18	620
/opt/ogzprime/OGZPMLV2-part-c-20260901/ogz-meta/cognition-history/mercury-runs/raw/2026-09-01/2026-09-01t00-30-35-591z-1634692-81590e0f4bc6/mercury_recheck_1-13.raw	aa50352ef45724a828c07f6dd8d726c7fac3b510ab7375c4d442f9a3d5844ebb	3992	ogz-meta/inbox/amp/2026-08-29/ghost-caps-venue-guard-truth/tapes/run-2/mercury_recheck_1-13.raw	2d20628247134dc60d466a74abcc93941dbe85bd0c0ddcd7fafe68f584cba78f	3932
/opt/ogzprime/OGZPMLV2-part-c-20260901/ogz-meta/cognition-history/mercury-runs/raw/2026-09-01/2026-09-01t00-30-35-591z-1634692-81590e0f4bc6/mercury_recheck_1-2.raw	463d7ff120e5a48a8ce63b1302926b9cf17b7cf61fe912511a1924bfb177dc69	691	ogz-meta/inbox/amp/2026-08-29/ghost-caps-venue-guard-truth/tapes/run-2/mercury_recheck_1-2.raw	74991ebf4855c48bedfb75481c59afefb7c1be004b8533fc4cb15f5fd1e8d86e	656
/opt/ogzprime/OGZPMLV2-part-c-20260901/ogz-meta/cognition-history/mercury-runs/raw/2026-09-01/2026-09-01t00-30-35-591z-1634692-81590e0f4bc6/mercury_recheck_1-3.raw	f731cbebf82c50e29664ca206adc0a9c761dbe31ddec654a312070c4eca74d47	790	ogz-meta/inbox/amp/2026-08-29/ghost-caps-venue-guard-truth/tapes/run-2/mercury_recheck_1-3.raw	0e284dfc8bee8b2c95e6c949e9a0af1ef522c115032f6fe3b5652fb7987e7277	755
/opt/ogzprime/OGZPMLV2-part-c-20260901/ogz-meta/cognition-history/mercury-runs/raw/2026-09-01/2026-09-01t00-30-35-591z-1634692-81590e0f4bc6/mercury_recheck_1-4.raw	25c87d567132cf2299d53dd47e00514f05651cf43aac73c20e277ec49c85955e	641	ogz-meta/inbox/amp/2026-08-29/ghost-caps-venue-guard-truth/tapes/run-2/mercury_recheck_1-4.raw	26a40770a1e2c30ee2df433e5f4530ba5a1daf7c912db89f8cd6340aa360a4e9	606
/opt/ogzprime/OGZPMLV2-part-c-20260901/ogz-meta/cognition-history/mercury-runs/raw/2026-09-01/2026-09-01t00-30-35-591z-1634692-81590e0f4bc6/mercury_recheck_1-5.raw	944c5fdbef5b7eeb62aa25694250a872d4a7ec859756453d87b099deb5e1bcd1	797	ogz-meta/inbox/amp/2026-08-29/ghost-caps-venue-guard-truth/tapes/run-2/mercury_recheck_1-5.raw	baa6b3c81ebe1783886345b7f83c7d38923e0f9ae4a2a828dece9ede6a5bbaad	762
/opt/ogzprime/OGZPMLV2-part-c-20260901/ogz-meta/cognition-history/mercury-runs/raw/2026-09-01/2026-09-01t00-30-35-591z-1634692-81590e0f4bc6/mercury_recheck_1-6.raw	06465d4ecf2c1a9aabffe97b13b1b61d1d63915d5edb2ff1f52bab49e4d8160f	699	ogz-meta/inbox/amp/2026-08-29/ghost-caps-venue-guard-truth/tapes/run-2/mercury_recheck_1-6.raw	01f8b76a10a434213b0de4f1e40e88e93bea147fe5e2790b2f3953775aef645f	664
/opt/ogzprime/OGZPMLV2-part-c-20260901/ogz-meta/cognition-history/mercury-runs/raw/2026-09-01/2026-09-01t00-30-35-591z-1634692-81590e0f4bc6/mercury_recheck_1-7.raw	133c263cd4c10649d728e5a41650b5598e38ab49f1ab02a9126186f00ddc76d1	657	ogz-meta/inbox/amp/2026-08-29/ghost-caps-venue-guard-truth/tapes/run-2/mercury_recheck_1-7.raw	e59d912066f540f015da62d6a541f6947fabf6de7e103264f7f1203d1828262b	622
/opt/ogzprime/OGZPMLV2-part-c-20260901/ogz-meta/cognition-history/mercury-runs/raw/2026-09-01/2026-09-01t00-30-35-591z-1634692-81590e0f4bc6/mercury_recheck_1-8.raw	99021ea1e27594ffe092821677568dccf071927e5e557cf38e2c651cca698102	663	ogz-meta/inbox/amp/2026-08-29/ghost-caps-venue-guard-truth/tapes/run-2/mercury_recheck_1-8.raw	6e2cf5fe95b18d7fdb83e8ccd517b0e36a24bdd9b0811bdc6d9d25afa8d7c023	628
/opt/ogzprime/OGZPMLV2-part-c-20260901/ogz-meta/cognition-history/mercury-runs/raw/2026-09-01/2026-09-01t00-30-35-591z-1634692-81590e0f4bc6/mercury_recheck_1-9.raw	d0e5ac7579e62df16ff364c392b8c4f2025c50a205769d42fe72b37b1a6f40d8	657	ogz-meta/inbox/amp/2026-08-29/ghost-caps-venue-guard-truth/tapes/run-2/mercury_recheck_1-9.raw	4659a81b67021b07f9f5de90bbd0363667cf7867ef8a8c85ae81337b380c85f2	622
/opt/ogzprime/OGZPMLV2-part-c-20260901/ogz-meta/cognition-history/mercury-runs/2026-09-01.jsonl:line-3	9992f74c38b9cd3e0507d23bcc7b889dd4100e0ea9239f96a82c4297b2a8a669	300401	ogz-meta/inbox/amp/2026-08-29/ghost-caps-venue-guard-truth/tapes/run-3/ledger-line.jsonl	9992f74c38b9cd3e0507d23bcc7b889dd4100e0ea9239f96a82c4297b2a8a669	300401
/opt/ogzprime/OGZPMLV2-part-c-20260901/ogz-meta/cognition-history/mercury-runs/raw/2026-09-01/2026-09-01t00-34-53-686z-1635696-fc182ca466fa/fable_challenger-1.raw	6c4e49c50e6925361480e05ef88a38afe15f7f0296cf976cd45a9d9eda50003b	21486	ogz-meta/inbox/amp/2026-08-29/ghost-caps-venue-guard-truth/tapes/run-3/fable_challenger-1.raw	5ca4bc92a8d99b55cca950f2f9f1bfc03f2b0105471a76527d5f45f22ec86cb4	14090
/opt/ogzprime/OGZPMLV2-part-c-20260901/ogz-meta/cognition-history/mercury-runs/raw/2026-09-01/2026-09-01t00-34-53-686z-1635696-fc182ca466fa/fable_challenger-stderr-1.raw	e705bbf8982385da2b1a03725921d0a6c6730bbaadd22c8f9168522573d067e0	157	ogz-meta/inbox/amp/2026-08-29/ghost-caps-venue-guard-truth/tapes/run-3/fable_challenger-stderr-1.raw	e705bbf8982385da2b1a03725921d0a6c6730bbaadd22c8f9168522573d067e0	157
/opt/ogzprime/OGZPMLV2-part-c-20260901/ogz-meta/cognition-history/mercury-runs/raw/2026-09-01/2026-09-01t00-34-53-686z-1635696-fc182ca466fa/kimi_tie_breaker-1.raw	b079db846a5e3773dbc4a48a742651f2e0029a0fe1da8252900c3207f05f217c	2778	ogz-meta/inbox/amp/2026-08-29/ghost-caps-venue-guard-truth/tapes/run-3/kimi_tie_breaker-1.raw	face457ebcf1753db619b2445200521a4a03ea4a210be813b1a8dadc89a71015	2755
/opt/ogzprime/OGZPMLV2-part-c-20260901/ogz-meta/cognition-history/mercury-runs/raw/2026-09-01/2026-09-01t00-34-53-686z-1635696-fc182ca466fa/mercury-1.raw	8a8181b62022db0f26b1950398b3b8ba47bf56dc52adc42ee80dd2e257ead8ff	614	ogz-meta/inbox/amp/2026-08-29/ghost-caps-venue-guard-truth/tapes/run-3/mercury-1.raw	7b79d8b3dd964bcc9a8b5c3adef5d7a295e55c3390b406434315d33319230c56	579
/opt/ogzprime/OGZPMLV2-part-c-20260901/ogz-meta/cognition-history/mercury-runs/raw/2026-09-01/2026-09-01t00-34-53-686z-1635696-fc182ca466fa/mercury-10.raw	51e595e52f7f3087f798809cc696b85295eb128cb8d1856643c869b69a67557f	630	ogz-meta/inbox/amp/2026-08-29/ghost-caps-venue-guard-truth/tapes/run-3/mercury-10.raw	b1f3bfa04acac00b88914c25fb62cad0ed31298d742362d5b54c68e92cf08695	595
/opt/ogzprime/OGZPMLV2-part-c-20260901/ogz-meta/cognition-history/mercury-runs/raw/2026-09-01/2026-09-01t00-34-53-686z-1635696-fc182ca466fa/mercury-11.raw	41be58163ac8ae6af3567b70ddecebb21e24a989d4eabe4bfbb88b8daf2dd2fb	673	ogz-meta/inbox/amp/2026-08-29/ghost-caps-venue-guard-truth/tapes/run-3/mercury-11.raw	a98a6901e59dd15a895f5107637edc94663cc2219c53a29903ca472afdbc8b04	638
/opt/ogzprime/OGZPMLV2-part-c-20260901/ogz-meta/cognition-history/mercury-runs/raw/2026-09-01/2026-09-01t00-34-53-686z-1635696-fc182ca466fa/mercury-12.raw	e37f4fd24bf39fe4ffab47f2300f1f70699b7f033e7a9a8a6f49c48e6fa4aa47	746	ogz-meta/inbox/amp/2026-08-29/ghost-caps-venue-guard-truth/tapes/run-3/mercury-12.raw	591beca0718e19de007188245d03f8443f10ed0b2d235eaf1f3a1ca458c52939	711
/opt/ogzprime/OGZPMLV2-part-c-20260901/ogz-meta/cognition-history/mercury-runs/raw/2026-09-01/2026-09-01t00-34-53-686z-1635696-fc182ca466fa/mercury-13.raw	0310b27d86f66420c628fc460a52a4878a04e6d7673325ded9a6a10344d59707	701	ogz-meta/inbox/amp/2026-08-29/ghost-caps-venue-guard-truth/tapes/run-3/mercury-13.raw	2763a7c61d5ca8563113712b25a4f2603054d205313fbfbf67a1da7746e4e16c	666
/opt/ogzprime/OGZPMLV2-part-c-20260901/ogz-meta/cognition-history/mercury-runs/raw/2026-09-01/2026-09-01t00-34-53-686z-1635696-fc182ca466fa/mercury-14.raw	d209da06e9d8397db0e4f7712b9d7f3926f0e3135883c00298500ffa61ffed72	618	ogz-meta/inbox/amp/2026-08-29/ghost-caps-venue-guard-truth/tapes/run-3/mercury-14.raw	8da22cd7f613477a9372981daef99677b9943d17e33266472fea63c007a46854	583
/opt/ogzprime/OGZPMLV2-part-c-20260901/ogz-meta/cognition-history/mercury-runs/raw/2026-09-01/2026-09-01t00-34-53-686z-1635696-fc182ca466fa/mercury-15.raw	dd919c3601ab6abe27c8ff85cba00b51d00e06ec9825122058ca94023baf5589	665	ogz-meta/inbox/amp/2026-08-29/ghost-caps-venue-guard-truth/tapes/run-3/mercury-15.raw	86ec032c3c502c56ba50f3054c370610730d5fd63b6c711ab080a09f646dbc63	630
/opt/ogzprime/OGZPMLV2-part-c-20260901/ogz-meta/cognition-history/mercury-runs/raw/2026-09-01/2026-09-01t00-34-53-686z-1635696-fc182ca466fa/mercury-16.raw	b8da0020d1112decc36381e91cefc47ea9beabf151bc1114acc2eac46fbada22	668	ogz-meta/inbox/amp/2026-08-29/ghost-caps-venue-guard-truth/tapes/run-3/mercury-16.raw	d784d43b7d8100d98d00245fccd2ccfd82625012c8b75225925692cb28031433	633
/opt/ogzprime/OGZPMLV2-part-c-20260901/ogz-meta/cognition-history/mercury-runs/raw/2026-09-01/2026-09-01t00-34-53-686z-1635696-fc182ca466fa/mercury-17.raw	77d3aacd6a237ad23aec788aeeb475f8161dc3f6db8b88a9ffa98a4818266cc7	753	ogz-meta/inbox/amp/2026-08-29/ghost-caps-venue-guard-truth/tapes/run-3/mercury-17.raw	34266f59be6a85e9b1502fc373a78741c077ec5436386c2b90b2667d613d8bca	718
/opt/ogzprime/OGZPMLV2-part-c-20260901/ogz-meta/cognition-history/mercury-runs/raw/2026-09-01/2026-09-01t00-34-53-686z-1635696-fc182ca466fa/mercury-18.raw	8fe738b8b8a387c4fa0ea5478f1c6465c949915a53d6286dcdbc325cc98025ad	627	ogz-meta/inbox/amp/2026-08-29/ghost-caps-venue-guard-truth/tapes/run-3/mercury-18.raw	06090cc97f293df1e0ca737cf8b0bf3bd3e930f648325cf9d92454f24b69a0de	592
/opt/ogzprime/OGZPMLV2-part-c-20260901/ogz-meta/cognition-history/mercury-runs/raw/2026-09-01/2026-09-01t00-34-53-686z-1635696-fc182ca466fa/mercury-19.raw	916c5fbd93dd3de0ab5530f7d48313e68a61c95305129ff5260a658a09f977e3	2038	ogz-meta/inbox/amp/2026-08-29/ghost-caps-venue-guard-truth/tapes/run-3/mercury-19.raw	e6c7b7a0c18c29386e6cc892431cd539d3b0bd2cdca9f6f65add3045e66c9971	2003
/opt/ogzprime/OGZPMLV2-part-c-20260901/ogz-meta/cognition-history/mercury-runs/raw/2026-09-01/2026-09-01t00-34-53-686z-1635696-fc182ca466fa/mercury-2.raw	60935e3f4cda5cbababc6c5f7b89f127a996f35b9dd80d9803ebd942d26b906a	648	ogz-meta/inbox/amp/2026-08-29/ghost-caps-venue-guard-truth/tapes/run-3/mercury-2.raw	41a7518d9906a05de1abbe39b1ffdcbc7c04e6b5f769bc6e9d2396c0ecebd49b	613
/opt/ogzprime/OGZPMLV2-part-c-20260901/ogz-meta/cognition-history/mercury-runs/raw/2026-09-01/2026-09-01t00-34-53-686z-1635696-fc182ca466fa/mercury-3.raw	a18e94216fc37f104bdfbf88cc7393aca07ace91998700f38f77d787f9701a2f	666	ogz-meta/inbox/amp/2026-08-29/ghost-caps-venue-guard-truth/tapes/run-3/mercury-3.raw	842d992512a07b5be5875b11cdd9f6b46727b71ba20fbd06f2c412b3c34eec5d	631
/opt/ogzprime/OGZPMLV2-part-c-20260901/ogz-meta/cognition-history/mercury-runs/raw/2026-09-01/2026-09-01t00-34-53-686z-1635696-fc182ca466fa/mercury-4.raw	3f9d405485c9ccc1d873c91b0f736bcd0a90834af264ef51d2349bdd1691fead	668	ogz-meta/inbox/amp/2026-08-29/ghost-caps-venue-guard-truth/tapes/run-3/mercury-4.raw	1edc38dfaa174a480731f06baebf7ccec95fb8527320c566967eac5035166ee9	633
/opt/ogzprime/OGZPMLV2-part-c-20260901/ogz-meta/cognition-history/mercury-runs/raw/2026-09-01/2026-09-01t00-34-53-686z-1635696-fc182ca466fa/mercury-5.raw	7830fbec2c1be53811bde4fa7f61f5d02585d02cac66a4c9686600d42a7c6ae9	637	ogz-meta/inbox/amp/2026-08-29/ghost-caps-venue-guard-truth/tapes/run-3/mercury-5.raw	0d5c10f438ab4bd92c9738a7b6961d9bf0d8d4e6c7e4f96e14b9a64d7b296fb2	602
/opt/ogzprime/OGZPMLV2-part-c-20260901/ogz-meta/cognition-history/mercury-runs/raw/2026-09-01/2026-09-01t00-34-53-686z-1635696-fc182ca466fa/mercury-6.raw	b83429ff13d73070af4311780617d4a876e7cb8df1f14d80701b7300f2d4adb8	663	ogz-meta/inbox/amp/2026-08-29/ghost-caps-venue-guard-truth/tapes/run-3/mercury-6.raw	32cdf67e78d65a821094800983951e60b7d46b0d81a34ce52ce41eb83921f648	628
/opt/ogzprime/OGZPMLV2-part-c-20260901/ogz-meta/cognition-history/mercury-runs/raw/2026-09-01/2026-09-01t00-34-53-686z-1635696-fc182ca466fa/mercury-7.raw	eec963e0b2c262d9f8235d06e85ad6768302bd8fc13e2048dcb7eee67423e496	663	ogz-meta/inbox/amp/2026-08-29/ghost-caps-venue-guard-truth/tapes/run-3/mercury-7.raw	d4595a78173510e66ed9fc1836b98bd6d239401df86de0a1cc00ec6f3881d4ba	628
/opt/ogzprime/OGZPMLV2-part-c-20260901/ogz-meta/cognition-history/mercury-runs/raw/2026-09-01/2026-09-01t00-34-53-686z-1635696-fc182ca466fa/mercury-8.raw	cd20ddba8bf1b764f88c2fa3331833288df429bb79a3081f4369f6b5ecb55fcc	664	ogz-meta/inbox/amp/2026-08-29/ghost-caps-venue-guard-truth/tapes/run-3/mercury-8.raw	4f3805fe2ccdd9f4755200f11d75822078e24c6d1411334ddb7dcbeb06688bb6	629
/opt/ogzprime/OGZPMLV2-part-c-20260901/ogz-meta/cognition-history/mercury-runs/raw/2026-09-01/2026-09-01t00-34-53-686z-1635696-fc182ca466fa/mercury-9.raw	8e1fae6b043ebf527dadf462d5354eed06ed3742e212ef74c0f4b8ccd1c04f52	650	ogz-meta/inbox/amp/2026-08-29/ghost-caps-venue-guard-truth/tapes/run-3/mercury-9.raw	a54385900403ea83100f51b0eb379a88a176d7fa141a3d32d03a711cc8f2900e	615
/opt/ogzprime/OGZPMLV2-part-c-20260901/ogz-meta/cognition-history/mercury-runs/raw/2026-09-01/2026-09-01t00-34-53-686z-1635696-fc182ca466fa/mercury_recheck_1-1.raw	b98d9e7bbd63105f1c2dd6b23d315d46d7f0d9a83ff0eaa6161ec5f306a4fc50	611	ogz-meta/inbox/amp/2026-08-29/ghost-caps-venue-guard-truth/tapes/run-3/mercury_recheck_1-1.raw	81c74e7ba8864c43e93eebfec7ff32b11ad8f97515d9d77916c2f273d234fb34	576
/opt/ogzprime/OGZPMLV2-part-c-20260901/ogz-meta/cognition-history/mercury-runs/raw/2026-09-01/2026-09-01t00-34-53-686z-1635696-fc182ca466fa/mercury_recheck_1-2.raw	ddde80b0faec75842f326a6dcd868c121bc83d52cb4d5521401e4aad5fb86711	659	ogz-meta/inbox/amp/2026-08-29/ghost-caps-venue-guard-truth/tapes/run-3/mercury_recheck_1-2.raw	831a125c683c4a349062ddd52c38277556c33e3b572e58f061d30c8d77c1072f	624
/opt/ogzprime/OGZPMLV2-part-c-20260901/ogz-meta/cognition-history/mercury-runs/raw/2026-09-01/2026-09-01t00-34-53-686z-1635696-fc182ca466fa/mercury_recheck_1-3.raw	3144a81deeec1f1a05a306d947c380ec9a32249c0cc252e20106fbac1d4c8b0d	657	ogz-meta/inbox/amp/2026-08-29/ghost-caps-venue-guard-truth/tapes/run-3/mercury_recheck_1-3.raw	d58dc3433a7cc380727e49f4700ac1182158d96cd63c70fef141fba4183ec964	622
/opt/ogzprime/OGZPMLV2-part-c-20260901/ogz-meta/cognition-history/mercury-runs/raw/2026-09-01/2026-09-01t00-34-53-686z-1635696-fc182ca466fa/mercury_recheck_1-4.raw	467f733b926693f94e6d54b2abcf71b3ef0a006762375fd5542a3fd193a0027a	727	ogz-meta/inbox/amp/2026-08-29/ghost-caps-venue-guard-truth/tapes/run-3/mercury_recheck_1-4.raw	c2a428e9d5157f250dacd0b5be9567906a243139e758103d74e23837f5c2f738	692
/opt/ogzprime/OGZPMLV2-part-c-20260901/ogz-meta/cognition-history/mercury-runs/raw/2026-09-01/2026-09-01t00-34-53-686z-1635696-fc182ca466fa/mercury_recheck_1-5.raw	850aa34ed1d67606e48f56bf38e3531cf7ec1b7e80fa8cebc42d6f196c0f66ce	642	ogz-meta/inbox/amp/2026-08-29/ghost-caps-venue-guard-truth/tapes/run-3/mercury_recheck_1-5.raw	a178e2a01dee8a983f53c07448c2a5cbdc998dc36fb91186955ff6f61df06b76	607
/opt/ogzprime/OGZPMLV2-part-c-20260901/ogz-meta/cognition-history/mercury-runs/raw/2026-09-01/2026-09-01t00-34-53-686z-1635696-fc182ca466fa/mercury_recheck_1-6.raw	98726e5e91a0e64b4c45921945e2da23323e6b622916fb13ec493b614c51dc08	681	ogz-meta/inbox/amp/2026-08-29/ghost-caps-venue-guard-truth/tapes/run-3/mercury_recheck_1-6.raw	4789b7281856ba7c25a4bd5e12783aae04129dc3cd61d5282881af3411139286	646
/opt/ogzprime/OGZPMLV2-part-c-20260901/ogz-meta/cognition-history/mercury-runs/raw/2026-09-01/2026-09-01t00-34-53-686z-1635696-fc182ca466fa/mercury_recheck_1-7.raw	4e952edb634b3594140990d9f5ee447ae1b8fcc4e64b8c2c0d25c48e2daa8072	2888	ogz-meta/inbox/amp/2026-08-29/ghost-caps-venue-guard-truth/tapes/run-3/mercury_recheck_1-7.raw	00a1779bf01d024f1b36c7c3f1b61c860be858ecfbf79faced44ac56e36ff216	2853
/opt/ogzprime/OGZPMLV2-part-c-20260901/ogz-meta/cognition-history/mercury-runs/2026-09-01.jsonl:line-4	dedeaf2267ca9be3c98d5293981f20f01d4b71c9e0238b534deb5ee3f225d526	102872	ogz-meta/inbox/amp/2026-08-29/ghost-caps-venue-guard-truth/tapes/run-4/ledger-line.jsonl	dedeaf2267ca9be3c98d5293981f20f01d4b71c9e0238b534deb5ee3f225d526	102872
/opt/ogzprime/OGZPMLV2-part-c-20260901/ogz-meta/cognition-history/mercury-runs/raw/2026-09-01/2026-09-01t00-39-55-346z-1636452-0b324c5c0cbf/fable_challenger-1.raw	e83092aa08d6d76999fae79871e06be68eef868e430af6ab4e427851586d1811	12007	ogz-meta/inbox/amp/2026-08-29/ghost-caps-venue-guard-truth/tapes/run-4/fable_challenger-1.raw	ce604f54ed96575f25d4a276e4babf255d10d8a336eb86e812d36cc9117d70eb	9137
/opt/ogzprime/OGZPMLV2-part-c-20260901/ogz-meta/cognition-history/mercury-runs/raw/2026-09-01/2026-09-01t00-39-55-346z-1636452-0b324c5c0cbf/fable_challenger-stderr-1.raw	e705bbf8982385da2b1a03725921d0a6c6730bbaadd22c8f9168522573d067e0	157	ogz-meta/inbox/amp/2026-08-29/ghost-caps-venue-guard-truth/tapes/run-4/fable_challenger-stderr-1.raw	e705bbf8982385da2b1a03725921d0a6c6730bbaadd22c8f9168522573d067e0	157
/opt/ogzprime/OGZPMLV2-part-c-20260901/ogz-meta/cognition-history/mercury-runs/raw/2026-09-01/2026-09-01t00-39-55-346z-1636452-0b324c5c0cbf/kimi_tie_breaker-1.raw	c27fac18cd1abee965a9e2936bbc9235b5d65beeb3e7648aa03e486ccf2583cb	2601	ogz-meta/inbox/amp/2026-08-29/ghost-caps-venue-guard-truth/tapes/run-4/kimi_tie_breaker-1.raw	71f44ac26544fbaebd8a488686f88e37100a08e6e9a11d0fc0b336c3ebd92f6c	2509
/opt/ogzprime/OGZPMLV2-part-c-20260901/ogz-meta/cognition-history/mercury-runs/2026-09-01.jsonl:line-5	4a28d39af5ecb617055c27d07ffd1ecb49460d821ccd97cbe93637f901ad4419	302770	ogz-meta/inbox/amp/2026-08-29/ghost-caps-venue-guard-truth/tapes/run-5/ledger-line.jsonl	4a28d39af5ecb617055c27d07ffd1ecb49460d821ccd97cbe93637f901ad4419	302770
/opt/ogzprime/OGZPMLV2-part-c-20260901/ogz-meta/cognition-history/mercury-runs/raw/2026-09-01/2026-09-01t00-41-32-713z-1636705-027c16b7932f/fable_challenger-1.raw	ef1fb0eae0960b0afc51e1db79a3d34b4fcd2e0ac21335e6e6bd8fee5fce1d10	16613	ogz-meta/inbox/amp/2026-08-29/ghost-caps-venue-guard-truth/tapes/run-5/fable_challenger-1.raw	63a65b1b4912fa69adf8888f66906b903ec2b1beeb478fcdaecdbfd4ee4a2f35	12119
/opt/ogzprime/OGZPMLV2-part-c-20260901/ogz-meta/cognition-history/mercury-runs/raw/2026-09-01/2026-09-01t00-41-32-713z-1636705-027c16b7932f/fable_challenger-stderr-1.raw	e705bbf8982385da2b1a03725921d0a6c6730bbaadd22c8f9168522573d067e0	157	ogz-meta/inbox/amp/2026-08-29/ghost-caps-venue-guard-truth/tapes/run-5/fable_challenger-stderr-1.raw	e705bbf8982385da2b1a03725921d0a6c6730bbaadd22c8f9168522573d067e0	157
/opt/ogzprime/OGZPMLV2-part-c-20260901/ogz-meta/cognition-history/mercury-runs/raw/2026-09-01/2026-09-01t00-41-32-713z-1636705-027c16b7932f/kimi_tie_breaker-1.raw	9f6e7f1f44ee9830912f907816b459cd97dc85a079015e6c55aa5c228b61028f	2118	ogz-meta/inbox/amp/2026-08-29/ghost-caps-venue-guard-truth/tapes/run-5/kimi_tie_breaker-1.raw	5b922ee3ef76ec806d14e33ca4249aaf7e9233a36534e6c64ec4cd86513a1aa1	2095
/opt/ogzprime/OGZPMLV2-part-c-20260901/ogz-meta/cognition-history/mercury-runs/raw/2026-09-01/2026-09-01t00-41-32-713z-1636705-027c16b7932f/mercury-1.raw	f8a1fc859b92398d204e4d977c5fc8021b290fc24edad9eab0047c26d3ca7f0d	593	ogz-meta/inbox/amp/2026-08-29/ghost-caps-venue-guard-truth/tapes/run-5/mercury-1.raw	18d014a5999f79d7ac559e3fe1549bc9b64348e3ae249709e5dcd558e80f048d	558
/opt/ogzprime/OGZPMLV2-part-c-20260901/ogz-meta/cognition-history/mercury-runs/raw/2026-09-01/2026-09-01t00-41-32-713z-1636705-027c16b7932f/mercury-2.raw	2ee472ee5867f6a74aeb12ff6be5adb400409a766dfec00b4a4a24c2d89490ab	686	ogz-meta/inbox/amp/2026-08-29/ghost-caps-venue-guard-truth/tapes/run-5/mercury-2.raw	1604850c7dd7aa087dcdd503de3f517b531534f74a32aff2c733beb416254e6f	651
/opt/ogzprime/OGZPMLV2-part-c-20260901/ogz-meta/cognition-history/mercury-runs/raw/2026-09-01/2026-09-01t00-41-32-713z-1636705-027c16b7932f/mercury-3.raw	8e2265f1cc722b781e6c0f9040ef05648d88680830d847f1b933a5ea7bc1afd6	650	ogz-meta/inbox/amp/2026-08-29/ghost-caps-venue-guard-truth/tapes/run-5/mercury-3.raw	29c19110fc54911535638607a00dc2275c632fb394ed4dde005ec1ee9d2dcc26	615
/opt/ogzprime/OGZPMLV2-part-c-20260901/ogz-meta/cognition-history/mercury-runs/raw/2026-09-01/2026-09-01t00-41-32-713z-1636705-027c16b7932f/mercury-4.raw	bf9e2d9581d8d6b53e99131f42fde3fdc8420a6b4499af4b9d9d20e613b0b0dd	666	ogz-meta/inbox/amp/2026-08-29/ghost-caps-venue-guard-truth/tapes/run-5/mercury-4.raw	0cbf078d8834a2fa93181a79fbccc62547d7f65f238b010a6c27bd6078ae98a9	631
/opt/ogzprime/OGZPMLV2-part-c-20260901/ogz-meta/cognition-history/mercury-runs/raw/2026-09-01/2026-09-01t00-41-32-713z-1636705-027c16b7932f/mercury-5.raw	f5d1fd5fd8744e7b3ee7b2b73a8488d8018753cdcaf9068fada4f7eb8ded0ff4	654	ogz-meta/inbox/amp/2026-08-29/ghost-caps-venue-guard-truth/tapes/run-5/mercury-5.raw	f16c5c30efed0c4c1d7d7f57fb958cd80d4a4a7ea6bc00bd3fa2af8150c3c095	619
/opt/ogzprime/OGZPMLV2-part-c-20260901/ogz-meta/cognition-history/mercury-runs/raw/2026-09-01/2026-09-01t00-41-32-713z-1636705-027c16b7932f/mercury-6.raw	0c726af1eb5838733b7e5fb3a698433d768d5bb980c2286993d44aa81babc0f9	670	ogz-meta/inbox/amp/2026-08-29/ghost-caps-venue-guard-truth/tapes/run-5/mercury-6.raw	fe7acf413640e8539def264547a676184e3d0a827f6681e28aa6cd0409f6d370	635
/opt/ogzprime/OGZPMLV2-part-c-20260901/ogz-meta/cognition-history/mercury-runs/raw/2026-09-01/2026-09-01t00-41-32-713z-1636705-027c16b7932f/mercury-7.raw	462ddaca851b5fff9d9b532f4fa63650a1cef66f2c5a58504f4ab83fb7b17935	1059	ogz-meta/inbox/amp/2026-08-29/ghost-caps-venue-guard-truth/tapes/run-5/mercury-7.raw	40a04cb8c6ed9e9305093a41290b5408848ee721c2c5ff86aed652ae378e409a	1024
/opt/ogzprime/OGZPMLV2-part-c-20260901/ogz-meta/cognition-history/mercury-runs/raw/2026-09-01/2026-09-01t00-41-32-713z-1636705-027c16b7932f/mercury-8.raw	adfcff157fe273fc57e670a0202ba3e6a92b887b9fd30546fedd17b0960646b1	1971	ogz-meta/inbox/amp/2026-08-29/ghost-caps-venue-guard-truth/tapes/run-5/mercury-8.raw	0668376499251e1f9e6e7bb49083157f0e78bcb3fe8db496cd605e8c1cf70586	1936
/opt/ogzprime/OGZPMLV2-part-c-20260901/ogz-meta/cognition-history/mercury-runs/raw/2026-09-01/2026-09-01t00-41-32-713z-1636705-027c16b7932f/mercury_recheck_1-1.raw	a847a941d437626170d32c323faa0d284418625bd42f8d117bf1f4512159f4e6	719	ogz-meta/inbox/amp/2026-08-29/ghost-caps-venue-guard-truth/tapes/run-5/mercury_recheck_1-1.raw	135cf790cc009e69baaf986048947f2c6c1e95ec51cfcff45dc13826e28d58b5	684
/opt/ogzprime/OGZPMLV2-part-c-20260901/ogz-meta/cognition-history/mercury-runs/raw/2026-09-01/2026-09-01t00-41-32-713z-1636705-027c16b7932f/mercury_recheck_1-10.raw	d5d42f155015d04b59367d5d0d8226afcb691ae5ea497125370ad46f0f18c93a	669	ogz-meta/inbox/amp/2026-08-29/ghost-caps-venue-guard-truth/tapes/run-5/mercury_recheck_1-10.raw	36de96b12588d910b72e603acc8bd93b79eb98e61736021b4a022393535214e8	634
/opt/ogzprime/OGZPMLV2-part-c-20260901/ogz-meta/cognition-history/mercury-runs/raw/2026-09-01/2026-09-01t00-41-32-713z-1636705-027c16b7932f/mercury_recheck_1-11.raw	6653f132132e4b9760fe67c5d9467f7cea48c69396180a1dc9ee95d2fad03127	2852	ogz-meta/inbox/amp/2026-08-29/ghost-caps-venue-guard-truth/tapes/run-5/mercury_recheck_1-11.raw	ac6f2117c95147abb61cb4bc24fcab194e2623437ff65f3257e3107f3c0dbfe6	2817
/opt/ogzprime/OGZPMLV2-part-c-20260901/ogz-meta/cognition-history/mercury-runs/raw/2026-09-01/2026-09-01t00-41-32-713z-1636705-027c16b7932f/mercury_recheck_1-2.raw	54576fe0d0e8f37288de41f35c5f1b23de34ed3b0538daa1b7a96663352d117f	629	ogz-meta/inbox/amp/2026-08-29/ghost-caps-venue-guard-truth/tapes/run-5/mercury_recheck_1-2.raw	b41bdef2d88f8766842be706e70651277def68a000da8d5ddd50bfc5a55138d9	594
/opt/ogzprime/OGZPMLV2-part-c-20260901/ogz-meta/cognition-history/mercury-runs/raw/2026-09-01/2026-09-01t00-41-32-713z-1636705-027c16b7932f/mercury_recheck_1-3.raw	ae1121a1f443158c0950d67884934f1599ed9f202603d9489c5c8b53ec871d66	727	ogz-meta/inbox/amp/2026-08-29/ghost-caps-venue-guard-truth/tapes/run-5/mercury_recheck_1-3.raw	707f54e924008991e867aa33a04910a06d3253f822fe297d7aad3db14265c1c0	692
/opt/ogzprime/OGZPMLV2-part-c-20260901/ogz-meta/cognition-history/mercury-runs/raw/2026-09-01/2026-09-01t00-41-32-713z-1636705-027c16b7932f/mercury_recheck_1-4.raw	973ecdfb321e38dd183054af11209a478eb4f3f0b434611e48b4c8beaa4ec63b	668	ogz-meta/inbox/amp/2026-08-29/ghost-caps-venue-guard-truth/tapes/run-5/mercury_recheck_1-4.raw	1931ab9c9f709aa4c99b744e89d11b4745a2c6465e3e1c23fdb73b1a08ec7098	633
/opt/ogzprime/OGZPMLV2-part-c-20260901/ogz-meta/cognition-history/mercury-runs/raw/2026-09-01/2026-09-01t00-41-32-713z-1636705-027c16b7932f/mercury_recheck_1-5.raw	4bfc92dfb02c8851b0caf1df965284acd6d1028a70fcb7d1a9153dba00662c5d	978	ogz-meta/inbox/amp/2026-08-29/ghost-caps-venue-guard-truth/tapes/run-5/mercury_recheck_1-5.raw	cae7c2fd51b951e92b515f8c20a9d4f0f698647fce465d7ba92524dd7433d88f	943
/opt/ogzprime/OGZPMLV2-part-c-20260901/ogz-meta/cognition-history/mercury-runs/raw/2026-09-01/2026-09-01t00-41-32-713z-1636705-027c16b7932f/mercury_recheck_1-6.raw	249aa33fa02cbf939bc2a1497038e245b1c661cf20e4e1b0300c4eb77664fb60	666	ogz-meta/inbox/amp/2026-08-29/ghost-caps-venue-guard-truth/tapes/run-5/mercury_recheck_1-6.raw	2b11bed1d99c91cac1d5dcb463801a7b2dfced9b481fd12357453b14e44a0f1c	631
/opt/ogzprime/OGZPMLV2-part-c-20260901/ogz-meta/cognition-history/mercury-runs/raw/2026-09-01/2026-09-01t00-41-32-713z-1636705-027c16b7932f/mercury_recheck_1-7.raw	ff7bc3125861fb7f62ac2dc8a598b169554f87fbdb43b2ae4e1edbdf6d2a3add	650	ogz-meta/inbox/amp/2026-08-29/ghost-caps-venue-guard-truth/tapes/run-5/mercury_recheck_1-7.raw	41c94329503d0cc782b19d4dd714cc9a425b1fef40d507e0a083a2d0d6918d91	615
/opt/ogzprime/OGZPMLV2-part-c-20260901/ogz-meta/cognition-history/mercury-runs/raw/2026-09-01/2026-09-01t00-41-32-713z-1636705-027c16b7932f/mercury_recheck_1-8.raw	e680be1cdc8e08ba96140811ac41a03a597b8b37aaa5ae884e87d342f9a3ac78	1344	ogz-meta/inbox/amp/2026-08-29/ghost-caps-venue-guard-truth/tapes/run-5/mercury_recheck_1-8.raw	cc7062f54be314d0539ec506a65b063392b5dd9136c06c5e1b5802305a0e753d	1309
/opt/ogzprime/OGZPMLV2-part-c-20260901/ogz-meta/cognition-history/mercury-runs/raw/2026-09-01/2026-09-01t00-41-32-713z-1636705-027c16b7932f/mercury_recheck_1-9.raw	29f073bb3c26f7442841730466b63a809c7d36c71ae05acbeed838dc7ee9d38c	1374	ogz-meta/inbox/amp/2026-08-29/ghost-caps-venue-guard-truth/tapes/run-5/mercury_recheck_1-9.raw	9eb40ce9eb4ae96a8b8e64c967ebff309efe66f7fab1dd8599993fb625414894	1339
